{"cameraMode":{"drawMode":0,"name":"Shaded","section":"Shading Mode"},"sceneLighting":true,"audioPlay":false,"sceneViewState":{"showFog":true,"showMaterialUpdate":false,"showSkybox":true,"showFlares":true,"showImageEffects":true,"showParticleSystems":true},"in2DMode":false,"pivot":{"x":-60.670021057128909,"y":281.5512390136719,"z":-4.631103515625},"rotation":{"x":0.08716568350791931,"y":0.029942311346530916,"z":-0.002727903425693512,"w":0.9958298802375794},"size":1466.7236328125,"orthographic":false}