{"cameraMode":{"drawMode":0,"name":"Shaded","section":"Shading Mode"},"sceneLighting":true,"audioPlay":false,"sceneViewState":{"showFog":true,"showMaterialUpdate":false,"showSkybox":true,"showFlares":true,"showImageEffects":true,"showParticleSystems":true},"in2DMode":false,"pivot":{"x":-6.903812408447266,"y":55.745819091796878,"z":-98.62995910644531},"rotation":{"x":-0.188898503780365,"y":0.08790421485900879,"z":-0.017013126984238626,"w":-0.9779484272003174},"size":38.40185546875,"orthographic":false}