{"cameraMode":{"drawMode":0,"name":"Shaded","section":"Shading Mode"},"sceneLighting":true,"audioPlay":false,"sceneViewState":{"showFog":true,"showMaterialUpdate":false,"showSkybox":true,"showFlares":true,"showImageEffects":true,"showParticleSystems":true},"in2DMode":false,"pivot":{"x":-6.1770172119140629,"y":0.9573860168457031,"z":22.59471893310547},"rotation":{"x":0.22287055850028993,"y":0.325640469789505,"z":-0.07930298894643784,"w":0.9154752492904663},"size":168.38265991210938,"orthographic":false}