{"cameraMode":{"drawMode":0,"name":"Shaded","section":"Shading Mode"},"sceneLighting":true,"audioPlay":false,"sceneViewState":{"showFog":true,"showMaterialUpdate":false,"showSkybox":true,"showFlares":true,"showImageEffects":true,"showParticleSystems":true},"in2DMode":false,"pivot":{"x":-12.888914108276368,"y":67.03115844726563,"z":0.06514739990234375},"rotation":{"x":0.28678569197654726,"y":0.1951538622379303,"z":-0.05989929288625717,"w":0.936078667640686},"size":145.44444274902345,"orthographic":false}