{"cameraMode":{"drawMode":0,"name":"Shaded","section":"Shading Mode"},"sceneLighting":true,"audioPlay":false,"sceneViewState":{"showFog":true,"showMaterialUpdate":false,"showSkybox":true,"showFlares":true,"showImageEffects":true,"showParticleSystems":true},"in2DMode":false,"pivot":{"x":-1.1727899312973023,"y":28.934396743774415,"z":-4.859355449676514},"rotation":{"x":0.09136844426393509,"y":-0.19555671513080598,"z":0.01826767437160015,"w":0.9762731790542603},"size":14.68945026397705,"orthographic":false}