{"cameraMode":{"drawMode":0,"name":"Shaded","section":"Shading Mode"},"sceneLighting":true,"audioPlay":false,"sceneViewState":{"showFog":true,"showMaterialUpdate":false,"showSkybox":true,"showFlares":true,"showImageEffects":true,"showParticleSystems":true},"in2DMode":false,"pivot":{"x":0.14142894744873048,"y":29.749629974365236,"z":5.281554222106934},"rotation":{"x":-0.0512678287923336,"y":-0.8257626295089722,"z":0.07601205259561539,"w":-0.5565807223320007},"size":19.823896408081056,"orthographic":false}